{
  "project_info": {
    "project_number": "38746279157",
    "project_id": "ktchatapp-fbf18",
    "storage_bucket": "ktchatapp-fbf18.appspot.com"
  },
  "client": [
    {
      "client_info": {
        "mobilesdk_app_id": "1:38746279157:android:52269f369c5c089c4249bc",
        "android_client_info": {
          "package_name": "com.intoverflown.samplechatapp"
        }
      },
      "oauth_client": [
        {
          "client_id": "38746279157-dqt499do955s2gn6v925mlkj3gr5edp9.apps.googleusercontent.com",
          "client_type": 3
        }
      ],
      "api_key": [
        {
          "current_key": "AIzaSyCoYttHKVQORZjf62fWmvUD8Ossh0u3F8Q"
        }
      ],
      "services": {
        "appinvite_service": {
          "other_platform_oauth_client": [
            {
              "client_id": "38746279157-dqt499do955s2gn6v925mlkj3gr5edp9.apps.googleusercontent.com",
              "client_type": 3
            }
          ]
        }
      }
    }
  ],
  "configuration_version": "1"
}